,precision,recall,f1-score,support
bukaan socod,0.8100558659217877,0.8596837944664032,0.8341323106423778,506.0
daryeel guri,0.7707006369426752,0.7806451612903226,0.7756410256410257,310.0
xaalad deg-deg ah,0.7651006711409396,0.6195652173913043,0.6846846846846847,184.0
accuracy,0.791,0.791,0.791,0.791
macro avg,0.7819523913351342,0.7532980577160101,0.764819340322696,1000.0
weighted avg,0.7895839890985868,0.791,0.7885016491157432,1000.0
