Model,Accuracy,Precision,Recall,F1-Score,Validation Score
GradientBoosting,0.791,0.7895839890985868,0.791,0.7885016491157432,0.7885016491157432
XGBoost,0.789,0.7870350297574642,0.789,0.7854997354563142,0.7854997354563142
RandomForest,0.779,0.777300739821188,0.779,0.7752123668235181,0.7752123668235181
