Model,Test_Accuracy
LogisticRegression,0.7683333333333333
KNN,0.7868333333333334
DecisionTree,0.6618333333333334
RandomForest,0.7966666666666666
SVM,0.7626666666666667
XGBoost,0.8151666666666667
AdaBoost,0.788
GradientBoosting,0.8158333333333333
Bagging,0.7543333333333333
