Model,Accuracy,Precision,Recall,F1-Score,Validation Score
GradientBoosting,0.8186666666666667,0.8178957772406804,0.8186666666666667,0.8148547822631975,0.8148547822631975
XGBoost,0.818,0.8173063500000222,0.818,0.8141582732322173,0.8141582732322173
RandomForest,0.8146666666666667,0.8144066923585281,0.8146666666666667,0.8107296866886479,0.8107296866886479
